{
  "ShowFFlagEditorWarning": false,
  "PromptWebView2Install": true,
  "Player": {
    "VersionGuid": "version-8aa36bbf0eb1494a",
    "PackageHashes": {
      "RobloxApp.zip": "49f61f3a1dd6b51e7919f5bfccbad9f1",
      "content-avatar.zip": "15bd216e6fae9ca480c21db01ce4ae3b",
      "content-configs.zip": "cb87d6b653b9a6bd8bf3615fb47a183f",
      "content-fonts.zip": "30c885074d0320c0932e06bfd537c915",
      "content-models.zip": "671fb1a7b360b7f4281af5e52acc2c84",
      "content-sky.zip": "1d0390337d1a4a58e5514be1a9481ad6",
      "content-sounds.zip": "32622161783a33a229827a2a0261cc16",
      "shaders.zip": "49ad4dd322ff170ef83e21af4eeb92b5",
      "ssl.zip": "5c818e18b34530c7597705ea458dbf11",
      "content-textures2.zip": "8fada370c5c5839080f35d3c12063754",
      "content-textures3.zip": "909f4b9d7bc03a926d35e84d0c99ffbf",
      "content-terrain.zip": "b4b75c21ce05378163042dc45cec5834",
      "content-platform-fonts.zip": "8f379ec2b22ff106b837d79f7fdbf0d8",
      "content-platform-dictionaries.zip": "715a61e0af6aed269890ce49be4e58e9",
      "extracontent-places.zip": "b099ac13abccb191e22c24b1e69903f4",
      "extracontent-luapackages.zip": "0a462c5d67f8da8cb53ee167f790ac4a",
      "extracontent-translations.zip": "81ffb1695e5e58c620be600c503ac2ac",
      "extracontent-models.zip": "576d2a7e22be526984883c29f1c15b6b",
      "extracontent-textures.zip": "4f35f61a4f1eae1d949e53f69a87e296",
      "WebView2.zip": "cd8765b038b1905553da17ab9c14e201",
      "WebView2RuntimeInstaller.zip": "e42a6697bf05466d4dba26c8fe476d2e",
      "redist.zip": "c9622ecfbec2c14d30f390909c563124"
    },
    "Size": 477471
  },
  "Studio": {
    "VersionGuid": "",
    "PackageHashes": {},
    "Size": 0
  },
  "SettingsWindow": {
    "Width": 1000,
    "Height": 580,
    "Left": 640,
    "Top": 560
  },
  "ModManifest": [
    "ClientSettings\\ClientAppSettings.json"
  ]
}