{
  "FLogNetwork": "7",
  "FFlagDisablePostFx": "True",
  "FIntTerrainArraySliceSize": "0",
  "DFIntTaskSchedulerTargetFps": "99999999",
  "DFIntTextureQualityOverride": "3",
  "DFFlagTextureQualityOverrideEnabled": "True",
  "DFIntCanHideGuiGroupId": "32380007",
  "FIntFullscreenTitleBarTriggerDelayMillis": "3600000",
  "FFlagDebugCheckRenderThreading": "True",
  "FFlagRenderDebugCheckThreading2": "True",
  "FStringDebugLuaLogLevel": "debug",
  "FIntRenderShadowIntensity": "0",
  "DFIntNetworkLatencyTolerance": "1",
  "FFlagOptimizeNetworkTransport": "True",
  "DFIntCSGLevelOfDetailSwitchingDistance": "250",
  "DFFlagDisableDPIScale": "True",
  "FFlagHandleAltEnterFullscreenManually": "False",
  "FIntRakNetResendBufferArrayLength": "128",
  "DFIntCSGLevelOfDetailSwitchingDistanceL12": "500",
  "FIntDebugForceMSAASamples": "1",
  "FStringDebugLuaLogPattern": "ExpChat/mountClientApp",
  "FFlagOptimizeNetwork": "True",
  "DFIntCSGLevelOfDetailSwitchingDistanceL23": "750",
  "DFIntPlayerNetworkUpdateRate": "60",
  "DFIntPlayerNetworkUpdateQueueSize": "20",
  "DFIntRakNetResendRttMultiple": "1",
  "DFIntServerTickRate": "60",
  "FFlagOptimizeNetworkRouting": "True",
  "DFIntConnectionMTUSize": "900",
  "DFIntNetworkPrediction": "120",
  "DFIntRaknetBandwidthPingSendEveryXSeconds": "1",
  "FFlagOptimizeServerTickRate": "True",
  "DFIntOptimizePingThreshold": "50",
  "DFIntServerPhysicsUpdateRate": "60",
  "FFlagDebugGraphicsPreferD3D11": "True",
  "DFIntCSGLevelOfDetailSwitchingDistanceL34": "1000",
  "FFlagDebugDisableTelemetryEphemeralCounter": "True",
  "FFlagDebugDisableTelemetryEphemeralStat": "True",
  "FFlagDebugDisableTelemetryEventIngest": "True",
  "FFlagDebugDisableTelemetryPoint": "True",
  "FFlagDebugDisableTelemetryV2Counter": "True",
  "FFlagDebugDisableTelemetryV2Event": "True",
  "FFlagDebugDisableTelemetryV2Stat": "True"
}