{
  "ShowFFlagEditorWarning": false,
  "PromptWebView2Install": true,
  "Player": {
    "VersionGuid": "version-b71c150c7c1f40de",
    "PackageHashes": {
      "RobloxApp.zip": "b4f1591ab4f5283fccd598bd9912f423",
      "content-avatar.zip": "15bd216e6fae9ca480c21db01ce4ae3b",
      "content-configs.zip": "7320162dce373aea3fe5b7a76aaa28e7",
      "content-fonts.zip": "30c885074d0320c0932e06bfd537c915",
      "content-models.zip": "671fb1a7b360b7f4281af5e52acc2c84",
      "content-sky.zip": "1d0390337d1a4a58e5514be1a9481ad6",
      "content-sounds.zip": "32622161783a33a229827a2a0261cc16",
      "shaders.zip": "3d3c144355388cb713495ef393d0827d",
      "ssl.zip": "5c818e18b34530c7597705ea458dbf11",
      "content-textures2.zip": "8fada370c5c5839080f35d3c12063754",
      "content-textures3.zip": "909f4b9d7bc03a926d35e84d0c99ffbf",
      "content-terrain.zip": "b4b75c21ce05378163042dc45cec5834",
      "content-platform-fonts.zip": "8f379ec2b22ff106b837d79f7fdbf0d8",
      "content-platform-dictionaries.zip": "8956576b30a16412013fc1f5b3303fea",
      "extracontent-places.zip": "8c4bde50e4b58a0c914b6b040d976113",
      "extracontent-luapackages.zip": "0a462c5d67f8da8cb53ee167f790ac4a",
      "extracontent-translations.zip": "1377d9f9739b3872cda45b6dd4386e2f",
      "extracontent-models.zip": "3b6e0988747e22e0f03e64c50fea21c0",
      "extracontent-textures.zip": "4f35f61a4f1eae1d949e53f69a87e296",
      "WebView2.zip": "7353fd4f2e0a05c6eb3c762d72a3a279",
      "WebView2RuntimeInstaller.zip": "e42a6697bf05466d4dba26c8fe476d2e",
      "redist.zip": "c9622ecfbec2c14d30f390909c563124"
    },
    "Size": 445865
  },
  "Studio": {
    "VersionGuid": "",
    "PackageHashes": {},
    "Size": 0
  },
  "SettingsWindow": {
    "Width": 1000,
    "Height": 580,
    "Left": 557,
    "Top": 328
  },
  "ModManifest": [
    "ClientSettings\\ClientAppSettings.json"
  ]
}