{"detail":{"name":"FPS"},"userKeys":{"0":[{"type":16,"code1":0,"code2":20,"code":-1,"name":"Q","index":0,"profile":0,"layer":0},{"type":16,"code1":0,"code2":8,"code":-1,"name":"E","index":1,"profile":0,"layer":0},{"type":16,"code1":0,"code2":28,"code":-1,"name":"Y","index":2,"profile":0,"layer":0},{"type":16,"code1":0,"code2":45,"code":-1,"name":"_\n-","index":3,"profile":0,"layer":0},{"type":16,"code1":0,"code2":76,"code":-1,"name":"Del","index":4,"profile":0,"layer":0},{"type":16,"code1":0,"code2":25,"code":-1,"name":"V","index":5,"profile":0,"layer":0},{"type":16,"code1":0,"code2":55,"code":-1,"name":">\n.","index":6,"profile":0,"layer":0},{"type":240,"code1":255,"code2":1,"code":-1,"name":"FN1","index":7,"profile":0,"layer":0},{"type":0,"code1":0,"code2":0,"code":-1,"name":"","index":8,"profile":0,"layer":0},{"type":0,"code1":0,"code2":0,"code":-1,"name":"","index":9,"profile":0,"layer":0},{"type":148,"code1":0,"code2":11,"code":-1,"name":"SOCD","index":10,"profile":0,"layer":0},{"type":148,"code1":1,"code2":10,"code":-1,"name":"SOCD","index":11,"profile":0,"layer":0},{"type":16,"code1":0,"code2":10,"code":-1,"name":"G","index":12,"profile":0,"layer":0},{"type":16,"code1":0,"code2":18,"code":-1,"name":"O","index":13,"profile":0,"layer":0},{"type":16,"code1":0,"code2":49,"code":-1,"name":"|\n\\","index":14,"profile":0,"layer":0},{"type":16,"code1":0,"code2":6,"code":-1,"name":"C","index":15,"profile":0,"layer":0},{"type":16,"code1":0,"code2":54,"code":-1,"name":"<\n,","index":16,"profile":0,"layer":0},{"type":16,"code1":0,"code2":135,"code":-1,"name":"","index":17,"profile":0,"layer":0},{"type":16,"code1":0,"code2":79,"code":-1,"name":"→","index":18,"profile":0,"layer":0},{"type":0,"code1":0,"code2":0,"code":-1,"name":"","index":19,"profile":0,"layer":0},{"type":16,"code1":0,"code2":29,"code":-1,"name":"Z","index":20,"profile":0,"layer":0},{"type":16,"code1":0,"code2":21,"code":-1,"name":"R","index":21,"profile":0,"layer":0},{"type":16,"code1":0,"code2":11,"code":-1,"name":"H","index":22,"profile":0,"layer":0},{"type":16,"code1":0,"code2":19,"code":-1,"name":"P","index":23,"profile":0,"layer":0},{"type":16,"code1":0,"code2":75,"code":-1,"name":"PgUp","index":24,"profile":0,"layer":0},{"type":16,"code1":0,"code2":27,"code":-1,"name":"X","index":25,"profile":0,"layer":0},{"type":16,"code1":0,"code2":14,"code":-1,"name":"K","index":26,"profile":0,"layer":0},{"type":16,"code1":32,"code2":0,"code":-1,"name":"SHIFT","index":27,"profile":0,"layer":0},{"type":16,"code1":0,"code2":78,"code":-1,"name":"PgDn","index":28,"profile":0,"layer":0},{"type":0,"code1":0,"code2":0,"code":-1,"name":"","index":29,"profile":0,"layer":0},{"type":16,"code1":0,"code2":30,"code":-1,"name":"!\n1","index":30,"profile":0,"layer":0},{"type":16,"code1":0,"code2":33,"code":-1,"name":"$\n4","index":31,"profile":0,"layer":0},{"type":16,"code1":0,"code2":36,"code":-1,"name":"&\n7","index":32,"profile":0,"layer":0},{"type":16,"code1":0,"code2":39,"code":-1,"name":")\n0","index":33,"profile":0,"layer":0},{"type":16,"code1":0,"code2":73,"code":-1,"name":"Ins","index":34,"profile":0,"layer":0},{"type":16,"code1":0,"code2":5,"code":-1,"name":"B","index":35,"profile":0,"layer":0},{"type":16,"code1":64,"code2":0,"code":-1,"name":"ALT","index":36,"profile":0,"layer":0},{"type":16,"code1":16,"code2":0,"code":-1,"name":"CTRL","index":37,"profile":0,"layer":0},{"type":0,"code1":0,"code2":0,"code":-1,"name":"","index":38,"profile":0,"layer":0},{"type":0,"code1":0,"code2":0,"code":-1,"name":"","index":39,"profile":0,"layer":0},{"type":16,"code1":2,"code2":0,"code":-1,"name":"SHIFT","index":40,"profile":0,"layer":0},{"type":16,"code1":0,"code2":32,"code":-1,"name":"#\n3","index":41,"profile":0,"layer":0},{"type":16,"code1":0,"code2":23,"code":-1,"name":"T","index":42,"profile":0,"layer":0},{"type":16,"code1":0,"code2":12,"code":-1,"name":"I","index":43,"profile":0,"layer":0},{"type":16,"code1":0,"code2":42,"code":-1,"name":"Bksp","index":44,"profile":0,"layer":0},{"type":16,"code1":1,"code2":0,"code":-1,"name":"CTRL","index":45,"profile":0,"layer":0},{"type":16,"code1":0,"code2":13,"code":-1,"name":"J","index":46,"profile":0,"layer":0},{"type":16,"code1":0,"code2":15,"code":-1,"name":"L","index":47,"profile":0,"layer":0},{"type":16,"code1":0,"code2":40,"code":-1,"name":"Enter","index":48,"profile":0,"layer":0},{"type":0,"code1":0,"code2":0,"code":-1,"name":"","index":49,"profile":0,"layer":0},{"type":16,"code1":0,"code2":41,"code":-1,"name":"Esc","index":50,"profile":0,"layer":0},{"type":16,"code1":0,"code2":31,"code":-1,"name":"@\n2","index":51,"profile":0,"layer":0},{"type":16,"code1":0,"code2":34,"code":-1,"name":"%\n5","index":52,"profile":0,"layer":0},{"type":16,"code1":0,"code2":37,"code":-1,"name":"*\n8","index":53,"profile":0,"layer":0},{"type":16,"code1":0,"code2":46,"code":-1,"name":"+\n=","index":54,"profile":0,"layer":0},{"type":16,"code1":4,"code2":0,"code":-1,"name":"ALT","index":55,"profile":0,"layer":0},{"type":16,"code1":0,"code2":16,"code":-1,"name":"M","index":56,"profile":0,"layer":0},{"type":16,"code1":0,"code2":56,"code":-1,"name":"?\n/","index":57,"profile":0,"layer":0},{"type":16,"code1":0,"code2":80,"code":-1,"name":"←","index":58,"profile":0,"layer":0},{"type":0,"code1":0,"code2":0,"code":-1,"name":"","index":59,"profile":0,"layer":0},{"type":16,"code1":0,"code2":57,"code":-1,"name":"Caps","index":60,"profile":0,"layer":0},{"type":16,"code1":0,"code2":22,"code":22,"name":"S","i":61,"profile":0,"layer":0},{"type":16,"code1":0,"code2":9,"code":-1,"name":"F","index":62,"profile":0,"layer":0},{"type":16,"code1":0,"code2":24,"code":-1,"name":"U","index":63,"profile":0,"layer":0},{"type":16,"code1":0,"code2":47,"code":-1,"name":"{\n[","index":64,"profile":0,"layer":0},{"type":0,"code1":0,"code2":0,"code":-1,"name":"","index":65,"profile":0,"layer":0},{"type":16,"code1":0,"code2":17,"code":-1,"name":"N","index":66,"profile":0,"layer":0},{"type":16,"code1":0,"code2":51,"code":-1,"name":":\n;","index":67,"profile":0,"layer":0},{"type":16,"code1":0,"code2":82,"code":-1,"name":"↑","index":68,"profile":0,"layer":0},{"type":0,"code1":0,"code2":0,"code":-1,"name":"","index":69,"profile":0,"layer":0},{"type":16,"code1":0,"code2":43,"code":-1,"name":"Tab","index":70,"profile":0,"layer":0},{"type":16,"code1":0,"code2":26,"code":26,"name":"W","i":71,"profile":0,"layer":0},{"type":16,"code1":0,"code2":35,"code":-1,"name":"^\n6","index":72,"profile":0,"layer":0},{"type":16,"code1":0,"code2":38,"code":-1,"name":"(\n9","index":73,"profile":0,"layer":0},{"type":16,"code1":0,"code2":48,"code":-1,"name":"}\n]","index":74,"profile":0,"layer":0},{"type":16,"code1":8,"code2":0,"code":-1,"name":"WIN","index":75,"profile":0,"layer":0},{"type":16,"code1":0,"code2":44,"code":-1,"name":"Space","index":76,"profile":0,"layer":0},{"type":16,"code1":0,"code2":52,"code":-1,"name":"\"\n'","index":77,"profile":0,"layer":0},{"type":16,"code1":0,"code2":81,"code":-1,"name":"↓","index":78,"profile":0,"layer":0},{"type":0,"code1":0,"code2":0,"code":-1,"name":"","index":79,"profile":0,"layer":0},{"type":255,"code1":255,"code2":255,"code":-1,"name":"","index":80,"profile":0,"layer":0},{"type":255,"code1":255,"code2":255,"code":-1,"name":"","index":81,"profile":0,"layer":0},{"type":255,"code1":255,"code2":255,"code":-1,"name":"","index":82,"profile":0,"layer":0},{"type":255,"code1":255,"code2":255,"code":-1,"name":"","index":83,"profile":0,"layer":0},{"type":255,"code1":255,"code2":255,"code":-1,"name":"","index":84,"profile":0,"layer":0},{"type":255,"code1":255,"code2":255,"code":-1,"name":"","index":85,"profile":0,"layer":0},{"type":255,"code1":255,"code2":255,"code":-1,"name":"","index":86,"profile":0,"layer":0},{"type":255,"code1":255,"code2":255,"code":-1,"name":"","index":87,"profile":0,"layer":0},{"type":255,"code1":255,"code2":255,"code":-1,"name":"","index":88,"profile":0,"layer":0},{"type":255,"code1":255,"code2":255,"code":-1,"name":"","index":89,"profile":0,"layer":0},{"type":255,"code1":255,"code2":255,"code":-1,"name":"","index":90,"profile":0,"layer":0},{"type":255,"code1":255,"code2":255,"code":-1,"name":"","index":91,"profile":0,"layer":0},{"type":255,"code1":255,"code2":255,"code":-1,"name":"","index":92,"profile":0,"layer":0},{"type":255,"code1":255,"code2":255,"code":-1,"name":"","index":93,"profile":0,"layer":0},{"type":255,"code1":255,"code2":255,"code":-1,"name":"","index":94,"profile":0,"layer":0},{"type":255,"code1":255,"code2":255,"code":-1,"name":"","index":95,"profile":0,"layer":0},{"type":255,"code1":255,"code2":255,"code":-1,"name":"","index":96,"profile":0,"layer":0},{"type":255,"code1":255,"code2":255,"code":-1,"name":"","index":97,"profile":0,"layer":0},{"type":255,"code1":255,"code2":255,"code":-1,"name":"","index":98,"profile":0,"layer":0},{"type":255,"code1":255,"code2":255,"code":-1,"name":"","index":99,"profile":0,"layer":0},{"type":255,"code1":255,"code2":255,"code":-1,"name":"","index":100,"profile":0,"layer":0},{"type":255,"code1":255,"code2":255,"code":-1,"name":"","index":101,"profile":0,"layer":0},{"type":255,"code1":255,"code2":255,"code":-1,"name":"","index":102,"profile":0,"layer":0},{"type":255,"code1":255,"code2":255,"code":-1,"name":"","index":103,"profile":0,"layer":0},{"type":255,"code1":255,"code2":255,"code":-1,"name":"","index":104,"profile":0,"layer":0},{"type":255,"code1":255,"code2":255,"code":-1,"name":"","index":105,"profile":0,"layer":0},{"type":255,"code1":255,"code2":255,"code":-1,"name":"","index":106,"profile":0,"layer":0},{"type":255,"code1":255,"code2":255,"code":-1,"name":"","index":107,"profile":0,"layer":0},{"type":255,"code1":255,"code2":255,"code":-1,"name":"","index":108,"profile":0,"layer":0},{"type":255,"code1":255,"code2":255,"code":-1,"name":"","index":109,"profile":0,"layer":0},{"type":255,"code1":255,"code2":255,"code":-1,"name":"","index":110,"profile":0,"layer":0},{"type":255,"code1":255,"code2":255,"code":-1,"name":"","index":111,"profile":0,"layer":0},{"type":255,"code1":255,"code2":255,"code":-1,"name":"","index":112,"profile":0,"layer":0},{"type":255,"code1":255,"code2":255,"code":-1,"name":"","index":113,"profile":0,"layer":0},{"type":255,"code1":255,"code2":255,"code":-1,"name":"","index":114,"profile":0,"layer":0},{"type":255,"code1":255,"code2":255,"code":-1,"name":"","index":115,"profile":0,"layer":0},{"type":255,"code1":255,"code2":255,"code":-1,"name":"","index":116,"profile":0,"layer":0},{"type":255,"code1":255,"code2":255,"code":-1,"name":"","index":117,"profile":0,"layer":0},{"type":255,"code1":255,"code2":255,"code":-1,"name":"","index":118,"profile":0,"layer":0},{"type":255,"code1":255,"code2":255,"code":-1,"name":"","index":119,"profile":0,"layer":0},{"type":255,"code1":255,"code2":255,"code":-1,"name":"","index":120,"profile":0,"layer":0},{"type":255,"code1":255,"code2":255,"code":-1,"name":"","index":121,"profile":0,"layer":0},{"type":255,"code1":255,"code2":255,"code":-1,"name":"","index":122,"profile":0,"layer":0},{"type":255,"code1":255,"code2":255,"code":-1,"name":"","index":123,"profile":0,"layer":0},{"type":255,"code1":255,"code2":255,"code":-1,"name":"","index":124,"profile":0,"layer":0},{"type":255,"code1":255,"code2":255,"code":-1,"name":"","index":125,"profile":0,"layer":0},{"type":255,"code1":255,"code2":255,"code":-1,"name":"","index":126,"profile":0,"layer":0},{"type":255,"code1":255,"code2":255,"code":-1,"name":"","index":127,"profile":0,"layer":0}],"1":[{"type":16,"code1":0,"code2":20,"code":-1,"name":"Q","index":0,"profile":0,"layer":1},{"type":16,"code1":0,"code2":8,"code":-1,"name":"E","index":1,"profile":0,"layer":1},{"type":240,"code1":62,"code2":0,"code":-1,"name":"Color","index":2,"profile":0,"layer":1},{"type":16,"code1":0,"code2":68,"code":-1,"name":"F11","index":3,"profile":0,"layer":1},{"type":16,"code1":0,"code2":77,"code":-1,"name":"End","index":4,"profile":0,"layer":1},{"type":48,"code1":183,"code2":0,"code":-1,"name":"Play/Stop","index":5,"profile":0,"layer":1},{"type":16,"code1":0,"code2":55,"code":-1,"name":">\n.","index":6,"profile":0,"layer":1},{"type":240,"code1":255,"code2":1,"code":-1,"name":"FN1","index":7,"profile":0,"layer":1},{"type":0,"code1":0,"code2":0,"code":-1,"name":"","index":8,"profile":0,"layer":1},{"type":0,"code1":0,"code2":0,"code":-1,"name":"","index":9,"profile":0,"layer":1},{"type":16,"code1":0,"code2":4,"code":-1,"name":"A","index":10,"profile":0,"layer":1},{"type":16,"code1":0,"code2":7,"code":-1,"name":"D","index":11,"profile":0,"layer":1},{"type":240,"code1":50,"code2":0,"code":-1,"name":"Bright+","index":12,"profile":0,"layer":1},{"type":240,"code1":4,"code2":0,"code":-1,"name":"WinOS","index":13,"profile":0,"layer":1},{"type":16,"code1":0,"code2":49,"code":-1,"name":"|\n\\","index":14,"profile":0,"layer":1},{"type":48,"code1":205,"code2":0,"code":-1,"name":"Play","index":15,"profile":0,"layer":1},{"type":16,"code1":0,"code2":54,"code":-1,"name":"<\n,","index":16,"profile":0,"layer":1},{"type":16,"code1":0,"code2":135,"code":-1,"name":"","index":17,"profile":0,"layer":1},{"type":16,"code1":0,"code2":79,"code":-1,"name":"→","index":18,"profile":0,"layer":1},{"type":0,"code1":0,"code2":0,"code":-1,"name":"","index":19,"profile":0,"layer":1},{"type":48,"code1":182,"code2":0,"code":-1,"name":"Previous","index":20,"profile":0,"layer":1},{"type":16,"code1":0,"code2":21,"code":-1,"name":"R","index":21,"profile":0,"layer":1},{"type":240,"code1":55,"code2":0,"code":-1,"name":"Speed-","index":22,"profile":0,"layer":1},{"type":240,"code1":5,"code2":0,"code":-1,"name":"MacOS","index":23,"profile":0,"layer":1},{"type":16,"code1":0,"code2":75,"code":-1,"name":"PgUp","index":24,"profile":0,"layer":1},{"type":48,"code1":181,"code2":0,"code":-1,"name":"Next","index":25,"profile":0,"layer":1},{"type":16,"code1":0,"code2":14,"code":-1,"name":"K","index":26,"profile":0,"layer":1},{"type":16,"code1":32,"code2":0,"code":-1,"name":"SHIFT","index":27,"profile":0,"layer":1},{"type":16,"code1":0,"code2":78,"code":-1,"name":"PgDn","index":28,"profile":0,"layer":1},{"type":0,"code1":0,"code2":0,"code":-1,"name":"","index":29,"profile":0,"layer":1},{"type":16,"code1":0,"code2":58,"code":-1,"name":"F1","index":30,"profile":0,"layer":1},{"type":16,"code1":0,"code2":61,"code":-1,"name":"F4","index":31,"profile":0,"layer":1},{"type":16,"code1":0,"code2":64,"code":-1,"name":"F7","index":32,"profile":0,"layer":1},{"type":16,"code1":0,"code2":67,"code":-1,"name":"F10","index":33,"profile":0,"layer":1},{"type":16,"code1":0,"code2":74,"code":-1,"name":"Home","index":34,"profile":0,"layer":1},{"type":48,"code1":226,"code2":0,"code":-1,"name":"Mute","index":35,"profile":0,"layer":1},{"type":16,"code1":64,"code2":0,"code":-1,"name":"ALT","index":36,"profile":0,"layer":1},{"type":16,"code1":16,"code2":0,"code":-1,"name":"CTRL","index":37,"profile":0,"layer":1},{"type":0,"code1":0,"code2":0,"code":-1,"name":"","index":38,"profile":0,"layer":1},{"type":0,"code1":0,"code2":0,"code":-1,"name":"","index":39,"profile":0,"layer":1},{"type":16,"code1":2,"code2":0,"code":-1,"name":"SHIFT","index":40,"profile":0,"layer":1},{"type":16,"code1":0,"code2":60,"code":-1,"name":"F3","index":41,"profile":0,"layer":1},{"type":240,"code1":53,"code2":0,"code":-1,"name":"Bright Off","index":42,"profile":0,"layer":1},{"type":16,"code1":0,"code2":12,"code":-1,"name":"I","index":43,"profile":0,"layer":1},{"type":240,"code1":254,"code2":0,"code":-1,"name":"FN_M","index":44,"profile":0,"layer":1},{"type":16,"code1":1,"code2":0,"code":-1,"name":"CTRL","index":45,"profile":0,"layer":1},{"type":240,"code1":54,"code2":0,"code":-1,"name":"Speed+","index":46,"profile":0,"layer":1},{"type":16,"code1":0,"code2":15,"code":-1,"name":"L","index":47,"profile":0,"layer":1},{"type":16,"code1":0,"code2":40,"code":-1,"name":"Enter","index":48,"profile":0,"layer":1},{"type":0,"code1":0,"code2":0,"code":-1,"name":"","index":49,"profile":0,"layer":1},{"type":16,"code1":0,"code2":53,"code":-1,"name":"~\n`","index":50,"profile":0,"layer":1},{"type":16,"code1":0,"code2":59,"code":-1,"name":"F2","index":51,"profile":0,"layer":1},{"type":16,"code1":0,"code2":62,"code":-1,"name":"F5","index":52,"profile":0,"layer":1},{"type":16,"code1":0,"code2":65,"code":-1,"name":"F8","index":53,"profile":0,"layer":1},{"type":16,"code1":0,"code2":69,"code":-1,"name":"F12","index":54,"profile":0,"layer":1},{"type":16,"code1":4,"code2":0,"code":-1,"name":"ALT","index":55,"profile":0,"layer":1},{"type":48,"code1":233,"code2":0,"code":-1,"name":"Vol +","index":56,"profile":0,"layer":1},{"type":16,"code1":0,"code2":56,"code":-1,"name":"?\n/","index":57,"profile":0,"layer":1},{"type":16,"code1":0,"code2":80,"code":-1,"name":"←","index":58,"profile":0,"layer":1},{"type":0,"code1":0,"code2":0,"code":-1,"name":"","index":59,"profile":0,"layer":1},{"type":16,"code1":0,"code2":57,"code":-1,"name":"Caps","index":60,"profile":0,"layer":1},{"type":16,"code1":0,"code2":22,"code":-1,"name":"S","index":61,"profile":0,"layer":1},{"type":240,"code1":51,"code2":0,"code":-1,"name":"Bright-","index":62,"profile":0,"layer":1},{"type":240,"code1":47,"code2":0,"code":-1,"name":"Light-","index":63,"profile":0,"layer":1},{"type":16,"code1":0,"code2":70,"code":-1,"name":"Print","index":64,"profile":0,"layer":1},{"type":0,"code1":0,"code2":0,"code":-1,"name":"","index":65,"profile":0,"layer":1},{"type":48,"code1":234,"code2":0,"code":-1,"name":"Vol -","index":66,"profile":0,"layer":1},{"type":16,"code1":0,"code2":51,"code":-1,"name":":\n;","index":67,"profile":0,"layer":1},{"type":16,"code1":0,"code2":82,"code":-1,"name":"↑","index":68,"profile":0,"layer":1},{"type":0,"code1":0,"code2":0,"code":-1,"name":"","index":69,"profile":0,"layer":1},{"type":16,"code1":0,"code2":43,"code":-1,"name":"Tab","index":70,"profile":0,"layer":1},{"type":16,"code1":0,"code2":26,"code":-1,"name":"W","index":71,"profile":0,"layer":1},{"type":16,"code1":0,"code2":63,"code":-1,"name":"F6","index":72,"profile":0,"layer":1},{"type":16,"code1":0,"code2":66,"code":-1,"name":"F9","index":73,"profile":0,"layer":1},{"type":16,"code1":0,"code2":72,"code":-1,"name":"Pause","index":74,"profile":0,"layer":1},{"type":240,"code1":2,"code2":0,"code":-1,"name":"WinLock","index":75,"profile":0,"layer":1},{"type":240,"code1":8,"code2":0,"code":-1,"name":"Reset","index":76,"profile":0,"layer":1},{"type":16,"code1":0,"code2":52,"code":-1,"name":"\"\n'","index":77,"profile":0,"layer":1},{"type":16,"code1":0,"code2":81,"code":-1,"name":"↓","index":78,"profile":0,"layer":1},{"type":0,"code1":0,"code2":0,"code":-1,"name":"","index":79,"profile":0,"layer":1},{"type":255,"code1":255,"code2":255,"code":-1,"name":"","index":80,"profile":0,"layer":1},{"type":255,"code1":255,"code2":255,"code":-1,"name":"","index":81,"profile":0,"layer":1},{"type":255,"code1":255,"code2":255,"code":-1,"name":"","index":82,"profile":0,"layer":1},{"type":255,"code1":255,"code2":255,"code":-1,"name":"","index":83,"profile":0,"layer":1},{"type":255,"code1":255,"code2":255,"code":-1,"name":"","index":84,"profile":0,"layer":1},{"type":255,"code1":255,"code2":255,"code":-1,"name":"","index":85,"profile":0,"layer":1},{"type":255,"code1":255,"code2":255,"code":-1,"name":"","index":86,"profile":0,"layer":1},{"type":255,"code1":255,"code2":255,"code":-1,"name":"","index":87,"profile":0,"layer":1},{"type":255,"code1":255,"code2":255,"code":-1,"name":"","index":88,"profile":0,"layer":1},{"type":255,"code1":255,"code2":255,"code":-1,"name":"","index":89,"profile":0,"layer":1},{"type":255,"code1":255,"code2":255,"code":-1,"name":"","index":90,"profile":0,"layer":1},{"type":255,"code1":255,"code2":255,"code":-1,"name":"","index":91,"profile":0,"layer":1},{"type":255,"code1":255,"code2":255,"code":-1,"name":"","index":92,"profile":0,"layer":1},{"type":255,"code1":255,"code2":255,"code":-1,"name":"","index":93,"profile":0,"layer":1},{"type":255,"code1":255,"code2":255,"code":-1,"name":"","index":94,"profile":0,"layer":1},{"type":255,"code1":255,"code2":255,"code":-1,"name":"","index":95,"profile":0,"layer":1},{"type":255,"code1":255,"code2":255,"code":-1,"name":"","index":96,"profile":0,"layer":1},{"type":255,"code1":255,"code2":255,"code":-1,"name":"","index":97,"profile":0,"layer":1},{"type":255,"code1":255,"code2":255,"code":-1,"name":"","index":98,"profile":0,"layer":1},{"type":255,"code1":255,"code2":255,"code":-1,"name":"","index":99,"profile":0,"layer":1},{"type":255,"code1":255,"code2":255,"code":-1,"name":"","index":100,"profile":0,"layer":1},{"type":255,"code1":255,"code2":255,"code":-1,"name":"","index":101,"profile":0,"layer":1},{"type":255,"code1":255,"code2":255,"code":-1,"name":"","index":102,"profile":0,"layer":1},{"type":255,"code1":255,"code2":255,"code":-1,"name":"","index":103,"profile":0,"layer":1},{"type":255,"code1":255,"code2":255,"code":-1,"name":"","index":104,"profile":0,"layer":1},{"type":255,"code1":255,"code2":255,"code":-1,"name":"","index":105,"profile":0,"layer":1},{"type":255,"code1":255,"code2":255,"code":-1,"name":"","index":106,"profile":0,"layer":1},{"type":255,"code1":255,"code2":255,"code":-1,"name":"","index":107,"profile":0,"layer":1},{"type":255,"code1":255,"code2":255,"code":-1,"name":"","index":108,"profile":0,"layer":1},{"type":255,"code1":255,"code2":255,"code":-1,"name":"","index":109,"profile":0,"layer":1},{"type":255,"code1":255,"code2":255,"code":-1,"name":"","index":110,"profile":0,"layer":1},{"type":255,"code1":255,"code2":255,"code":-1,"name":"","index":111,"profile":0,"layer":1},{"type":255,"code1":255,"code2":255,"code":-1,"name":"","index":112,"profile":0,"layer":1},{"type":255,"code1":255,"code2":255,"code":-1,"name":"","index":113,"profile":0,"layer":1},{"type":255,"code1":255,"code2":255,"code":-1,"name":"","index":114,"profile":0,"layer":1},{"type":255,"code1":255,"code2":255,"code":-1,"name":"","index":115,"profile":0,"layer":1},{"type":255,"code1":255,"code2":255,"code":-1,"name":"","index":116,"profile":0,"layer":1},{"type":255,"code1":255,"code2":255,"code":-1,"name":"","index":117,"profile":0,"layer":1},{"type":255,"code1":255,"code2":255,"code":-1,"name":"","index":118,"profile":0,"layer":1},{"type":255,"code1":255,"code2":255,"code":-1,"name":"","index":119,"profile":0,"layer":1},{"type":255,"code1":255,"code2":255,"code":-1,"name":"","index":120,"profile":0,"layer":1},{"type":255,"code1":255,"code2":255,"code":-1,"name":"","index":121,"profile":0,"layer":1},{"type":255,"code1":255,"code2":255,"code":-1,"name":"","index":122,"profile":0,"layer":1},{"type":255,"code1":255,"code2":255,"code":-1,"name":"","index":123,"profile":0,"layer":1},{"type":255,"code1":255,"code2":255,"code":-1,"name":"","index":124,"profile":0,"layer":1},{"type":255,"code1":255,"code2":255,"code":-1,"name":"","index":125,"profile":0,"layer":1},{"type":255,"code1":255,"code2":255,"code":-1,"name":"","index":126,"profile":0,"layer":1},{"type":255,"code1":255,"code2":255,"code":-1,"name":"","index":127,"profile":0,"layer":1}],"2":[{"type":16,"code1":0,"code2":20,"code":-1,"name":"Q","index":0,"profile":0,"layer":2},{"type":16,"code1":0,"code2":8,"code":-1,"name":"E","index":1,"profile":0,"layer":2},{"type":16,"code1":0,"code2":28,"code":-1,"name":"Y","index":2,"profile":0,"layer":2},{"type":16,"code1":0,"code2":45,"code":-1,"name":"_\n-","index":3,"profile":0,"layer":2},{"type":16,"code1":0,"code2":76,"code":-1,"name":"Del","index":4,"profile":0,"layer":2},{"type":16,"code1":0,"code2":25,"code":-1,"name":"V","index":5,"profile":0,"layer":2},{"type":16,"code1":0,"code2":55,"code":-1,"name":">\n.","index":6,"profile":0,"layer":2},{"type":240,"code1":255,"code2":3,"code":-1,"name":"FN3","index":7,"profile":0,"layer":2},{"type":0,"code1":0,"code2":0,"code":-1,"name":"","index":8,"profile":0,"layer":2},{"type":0,"code1":0,"code2":0,"code":-1,"name":"","index":9,"profile":0,"layer":2},{"type":16,"code1":0,"code2":4,"code":-1,"name":"A","index":10,"profile":0,"layer":2},{"type":16,"code1":0,"code2":7,"code":-1,"name":"D","index":11,"profile":0,"layer":2},{"type":16,"code1":0,"code2":10,"code":-1,"name":"G","index":12,"profile":0,"layer":2},{"type":16,"code1":0,"code2":18,"code":-1,"name":"O","index":13,"profile":0,"layer":2},{"type":16,"code1":0,"code2":49,"code":-1,"name":"|\n\\","index":14,"profile":0,"layer":2},{"type":16,"code1":0,"code2":6,"code":-1,"name":"C","index":15,"profile":0,"layer":2},{"type":16,"code1":0,"code2":54,"code":-1,"name":"<\n,","index":16,"profile":0,"layer":2},{"type":16,"code1":0,"code2":135,"code":-1,"name":"","index":17,"profile":0,"layer":2},{"type":16,"code1":0,"code2":79,"code":-1,"name":"→","index":18,"profile":0,"layer":2},{"type":0,"code1":0,"code2":0,"code":-1,"name":"","index":19,"profile":0,"layer":2},{"type":16,"code1":0,"code2":29,"code":-1,"name":"Z","index":20,"profile":0,"layer":2},{"type":16,"code1":0,"code2":21,"code":-1,"name":"R","index":21,"profile":0,"layer":2},{"type":16,"code1":0,"code2":11,"code":-1,"name":"H","index":22,"profile":0,"layer":2},{"type":16,"code1":0,"code2":19,"code":-1,"name":"P","index":23,"profile":0,"layer":2},{"type":16,"code1":0,"code2":75,"code":-1,"name":"PgUp","index":24,"profile":0,"layer":2},{"type":16,"code1":0,"code2":27,"code":-1,"name":"X","index":25,"profile":0,"layer":2},{"type":16,"code1":0,"code2":14,"code":-1,"name":"K","index":26,"profile":0,"layer":2},{"type":16,"code1":32,"code2":0,"code":-1,"name":"SHIFT","index":27,"profile":0,"layer":2},{"type":16,"code1":0,"code2":78,"code":-1,"name":"PgDn","index":28,"profile":0,"layer":2},{"type":0,"code1":0,"code2":0,"code":-1,"name":"","index":29,"profile":0,"layer":2},{"type":16,"code1":0,"code2":30,"code":-1,"name":"!\n1","index":30,"profile":0,"layer":2},{"type":16,"code1":0,"code2":33,"code":-1,"name":"$\n4","index":31,"profile":0,"layer":2},{"type":16,"code1":0,"code2":36,"code":-1,"name":"&\n7","index":32,"profile":0,"layer":2},{"type":16,"code1":0,"code2":39,"code":-1,"name":")\n0","index":33,"profile":0,"layer":2},{"type":16,"code1":0,"code2":73,"code":-1,"name":"Ins","index":34,"profile":0,"layer":2},{"type":16,"code1":0,"code2":5,"code":-1,"name":"B","index":35,"profile":0,"layer":2},{"type":16,"code1":128,"code2":0,"code":-1,"name":"WIN","index":36,"profile":0,"layer":2},{"type":16,"code1":16,"code2":0,"code":-1,"name":"CTRL","index":37,"profile":0,"layer":2},{"type":0,"code1":0,"code2":0,"code":-1,"name":"","index":38,"profile":0,"layer":2},{"type":0,"code1":0,"code2":0,"code":-1,"name":"","index":39,"profile":0,"layer":2},{"type":16,"code1":2,"code2":0,"code":-1,"name":"SHIFT","index":40,"profile":0,"layer":2},{"type":16,"code1":0,"code2":32,"code":-1,"name":"#\n3","index":41,"profile":0,"layer":2},{"type":16,"code1":0,"code2":23,"code":-1,"name":"T","index":42,"profile":0,"layer":2},{"type":16,"code1":0,"code2":12,"code":-1,"name":"I","index":43,"profile":0,"layer":2},{"type":16,"code1":0,"code2":42,"code":-1,"name":"Bksp","index":44,"profile":0,"layer":2},{"type":16,"code1":1,"code2":0,"code":-1,"name":"CTRL","index":45,"profile":0,"layer":2},{"type":16,"code1":0,"code2":13,"code":-1,"name":"J","index":46,"profile":0,"layer":2},{"type":16,"code1":0,"code2":15,"code":-1,"name":"L","index":47,"profile":0,"layer":2},{"type":16,"code1":0,"code2":40,"code":-1,"name":"Enter","index":48,"profile":0,"layer":2},{"type":0,"code1":0,"code2":0,"code":-1,"name":"","index":49,"profile":0,"layer":2},{"type":16,"code1":0,"code2":41,"code":-1,"name":"Esc","index":50,"profile":0,"layer":2},{"type":16,"code1":0,"code2":31,"code":-1,"name":"@\n2","index":51,"profile":0,"layer":2},{"type":16,"code1":0,"code2":34,"code":-1,"name":"%\n5","index":52,"profile":0,"layer":2},{"type":16,"code1":0,"code2":37,"code":-1,"name":"*\n8","index":53,"profile":0,"layer":2},{"type":16,"code1":0,"code2":46,"code":-1,"name":"+\n=","index":54,"profile":0,"layer":2},{"type":16,"code1":8,"code2":0,"code":-1,"name":"WIN","index":55,"profile":0,"layer":2},{"type":16,"code1":0,"code2":16,"code":-1,"name":"M","index":56,"profile":0,"layer":2},{"type":16,"code1":0,"code2":56,"code":-1,"name":"?\n/","index":57,"profile":0,"layer":2},{"type":16,"code1":0,"code2":80,"code":-1,"name":"←","index":58,"profile":0,"layer":2},{"type":0,"code1":0,"code2":0,"code":-1,"name":"","index":59,"profile":0,"layer":2},{"type":16,"code1":0,"code2":57,"code":-1,"name":"Caps","index":60,"profile":0,"layer":2},{"type":16,"code1":0,"code2":22,"code":-1,"name":"S","index":61,"profile":0,"layer":2},{"type":16,"code1":0,"code2":9,"code":-1,"name":"F","index":62,"profile":0,"layer":2},{"type":16,"code1":0,"code2":24,"code":-1,"name":"U","index":63,"profile":0,"layer":2},{"type":16,"code1":0,"code2":47,"code":-1,"name":"{\n[","index":64,"profile":0,"layer":2},{"type":0,"code1":0,"code2":0,"code":-1,"name":"","index":65,"profile":0,"layer":2},{"type":16,"code1":0,"code2":17,"code":-1,"name":"N","index":66,"profile":0,"layer":2},{"type":16,"code1":0,"code2":51,"code":-1,"name":":\n;","index":67,"profile":0,"layer":2},{"type":16,"code1":0,"code2":82,"code":-1,"name":"↑","index":68,"profile":0,"layer":2},{"type":0,"code1":0,"code2":0,"code":-1,"name":"","index":69,"profile":0,"layer":2},{"type":16,"code1":0,"code2":43,"code":-1,"name":"Tab","index":70,"profile":0,"layer":2},{"type":16,"code1":0,"code2":26,"code":-1,"name":"W","index":71,"profile":0,"layer":2},{"type":16,"code1":0,"code2":35,"code":-1,"name":"^\n6","index":72,"profile":0,"layer":2},{"type":16,"code1":0,"code2":38,"code":-1,"name":"(\n9","index":73,"profile":0,"layer":2},{"type":16,"code1":0,"code2":48,"code":-1,"name":"}\n]","index":74,"profile":0,"layer":2},{"type":16,"code1":4,"code2":0,"code":-1,"name":"ALT","index":75,"profile":0,"layer":2},{"type":16,"code1":0,"code2":44,"code":-1,"name":"Space","index":76,"profile":0,"layer":2},{"type":16,"code1":0,"code2":52,"code":-1,"name":"\"\n'","index":77,"profile":0,"layer":2},{"type":16,"code1":0,"code2":81,"code":-1,"name":"↓","index":78,"profile":0,"layer":2},{"type":0,"code1":0,"code2":0,"code":-1,"name":"","index":79,"profile":0,"layer":2},{"type":255,"code1":255,"code2":255,"code":-1,"name":"","index":80,"profile":0,"layer":2},{"type":255,"code1":255,"code2":255,"code":-1,"name":"","index":81,"profile":0,"layer":2},{"type":255,"code1":255,"code2":255,"code":-1,"name":"","index":82,"profile":0,"layer":2},{"type":255,"code1":255,"code2":255,"code":-1,"name":"","index":83,"profile":0,"layer":2},{"type":255,"code1":255,"code2":255,"code":-1,"name":"","index":84,"profile":0,"layer":2},{"type":255,"code1":255,"code2":255,"code":-1,"name":"","index":85,"profile":0,"layer":2},{"type":255,"code1":255,"code2":255,"code":-1,"name":"","index":86,"profile":0,"layer":2},{"type":255,"code1":255,"code2":255,"code":-1,"name":"","index":87,"profile":0,"layer":2},{"type":255,"code1":255,"code2":255,"code":-1,"name":"","index":88,"profile":0,"layer":2},{"type":255,"code1":255,"code2":255,"code":-1,"name":"","index":89,"profile":0,"layer":2},{"type":255,"code1":255,"code2":255,"code":-1,"name":"","index":90,"profile":0,"layer":2},{"type":255,"code1":255,"code2":255,"code":-1,"name":"","index":91,"profile":0,"layer":2},{"type":255,"code1":255,"code2":255,"code":-1,"name":"","index":92,"profile":0,"layer":2},{"type":255,"code1":255,"code2":255,"code":-1,"name":"","index":93,"profile":0,"layer":2},{"type":255,"code1":255,"code2":255,"code":-1,"name":"","index":94,"profile":0,"layer":2},{"type":255,"code1":255,"code2":255,"code":-1,"name":"","index":95,"profile":0,"layer":2},{"type":255,"code1":255,"code2":255,"code":-1,"name":"","index":96,"profile":0,"layer":2},{"type":255,"code1":255,"code2":255,"code":-1,"name":"","index":97,"profile":0,"layer":2},{"type":255,"code1":255,"code2":255,"code":-1,"name":"","index":98,"profile":0,"layer":2},{"type":255,"code1":255,"code2":255,"code":-1,"name":"","index":99,"profile":0,"layer":2},{"type":255,"code1":255,"code2":255,"code":-1,"name":"","index":100,"profile":0,"layer":2},{"type":255,"code1":255,"code2":255,"code":-1,"name":"","index":101,"profile":0,"layer":2},{"type":255,"code1":255,"code2":255,"code":-1,"name":"","index":102,"profile":0,"layer":2},{"type":255,"code1":255,"code2":255,"code":-1,"name":"","index":103,"profile":0,"layer":2},{"type":255,"code1":255,"code2":255,"code":-1,"name":"","index":104,"profile":0,"layer":2},{"type":255,"code1":255,"code2":255,"code":-1,"name":"","index":105,"profile":0,"layer":2},{"type":255,"code1":255,"code2":255,"code":-1,"name":"","index":106,"profile":0,"layer":2},{"type":255,"code1":255,"code2":255,"code":-1,"name":"","index":107,"profile":0,"layer":2},{"type":255,"code1":255,"code2":255,"code":-1,"name":"","index":108,"profile":0,"layer":2},{"type":255,"code1":255,"code2":255,"code":-1,"name":"","index":109,"profile":0,"layer":2},{"type":255,"code1":255,"code2":255,"code":-1,"name":"","index":110,"profile":0,"layer":2},{"type":255,"code1":255,"code2":255,"code":-1,"name":"","index":111,"profile":0,"layer":2},{"type":255,"code1":255,"code2":255,"code":-1,"name":"","index":112,"profile":0,"layer":2},{"type":255,"code1":255,"code2":255,"code":-1,"name":"","index":113,"profile":0,"layer":2},{"type":255,"code1":255,"code2":255,"code":-1,"name":"","index":114,"profile":0,"layer":2},{"type":255,"code1":255,"code2":255,"code":-1,"name":"","index":115,"profile":0,"layer":2},{"type":255,"code1":255,"code2":255,"code":-1,"name":"","index":116,"profile":0,"layer":2},{"type":255,"code1":255,"code2":255,"code":-1,"name":"","index":117,"profile":0,"layer":2},{"type":255,"code1":255,"code2":255,"code":-1,"name":"","index":118,"profile":0,"layer":2},{"type":255,"code1":255,"code2":255,"code":-1,"name":"","index":119,"profile":0,"layer":2},{"type":255,"code1":255,"code2":255,"code":-1,"name":"","index":120,"profile":0,"layer":2},{"type":255,"code1":255,"code2":255,"code":-1,"name":"","index":121,"profile":0,"layer":2},{"type":255,"code1":255,"code2":255,"code":-1,"name":"","index":122,"profile":0,"layer":2},{"type":255,"code1":255,"code2":255,"code":-1,"name":"","index":123,"profile":0,"layer":2},{"type":255,"code1":255,"code2":255,"code":-1,"name":"","index":124,"profile":0,"layer":2},{"type":255,"code1":255,"code2":255,"code":-1,"name":"","index":125,"profile":0,"layer":2},{"type":255,"code1":255,"code2":255,"code":-1,"name":"","index":126,"profile":0,"layer":2},{"type":255,"code1":255,"code2":255,"code":-1,"name":"","index":127,"profile":0,"layer":2}],"3":[{"type":16,"code1":0,"code2":20,"code":-1,"name":"Q","index":0,"profile":0,"layer":3},{"type":16,"code1":0,"code2":8,"code":-1,"name":"E","index":1,"profile":0,"layer":3},{"type":240,"code1":62,"code2":0,"code":-1,"name":"Color","index":2,"profile":0,"layer":3},{"type":16,"code1":0,"code2":68,"code":-1,"name":"F11","index":3,"profile":0,"layer":3},{"type":16,"code1":0,"code2":77,"code":-1,"name":"End","index":4,"profile":0,"layer":3},{"type":48,"code1":183,"code2":0,"code":-1,"name":"Play/Stop","index":5,"profile":0,"layer":3},{"type":16,"code1":0,"code2":55,"code":-1,"name":">\n.","index":6,"profile":0,"layer":3},{"type":240,"code1":255,"code2":3,"code":-1,"name":"FN3","index":7,"profile":0,"layer":3},{"type":0,"code1":0,"code2":0,"code":-1,"name":"","index":8,"profile":0,"layer":3},{"type":0,"code1":0,"code2":0,"code":-1,"name":"","index":9,"profile":0,"layer":3},{"type":16,"code1":0,"code2":4,"code":-1,"name":"A","index":10,"profile":0,"layer":3},{"type":16,"code1":0,"code2":7,"code":-1,"name":"D","index":11,"profile":0,"layer":3},{"type":240,"code1":50,"code2":0,"code":-1,"name":"Bright+","index":12,"profile":0,"layer":3},{"type":240,"code1":4,"code2":0,"code":-1,"name":"WinOS","index":13,"profile":0,"layer":3},{"type":16,"code1":0,"code2":49,"code":-1,"name":"|\n\\","index":14,"profile":0,"layer":3},{"type":48,"code1":205,"code2":0,"code":-1,"name":"Play","index":15,"profile":0,"layer":3},{"type":16,"code1":0,"code2":54,"code":-1,"name":"<\n,","index":16,"profile":0,"layer":3},{"type":16,"code1":0,"code2":135,"code":-1,"name":"","index":17,"profile":0,"layer":3},{"type":16,"code1":0,"code2":79,"code":-1,"name":"→","index":18,"profile":0,"layer":3},{"type":0,"code1":0,"code2":0,"code":-1,"name":"","index":19,"profile":0,"layer":3},{"type":48,"code1":182,"code2":0,"code":-1,"name":"Previous","index":20,"profile":0,"layer":3},{"type":16,"code1":0,"code2":21,"code":-1,"name":"R","index":21,"profile":0,"layer":3},{"type":240,"code1":55,"code2":0,"code":-1,"name":"Speed-","index":22,"profile":0,"layer":3},{"type":240,"code1":5,"code2":0,"code":-1,"name":"MacOS","index":23,"profile":0,"layer":3},{"type":16,"code1":0,"code2":75,"code":-1,"name":"PgUp","index":24,"profile":0,"layer":3},{"type":48,"code1":181,"code2":0,"code":-1,"name":"Next","index":25,"profile":0,"layer":3},{"type":16,"code1":0,"code2":14,"code":-1,"name":"K","index":26,"profile":0,"layer":3},{"type":16,"code1":32,"code2":0,"code":-1,"name":"SHIFT","index":27,"profile":0,"layer":3},{"type":16,"code1":0,"code2":78,"code":-1,"name":"PgDn","index":28,"profile":0,"layer":3},{"type":0,"code1":0,"code2":0,"code":-1,"name":"","index":29,"profile":0,"layer":3},{"type":16,"code1":0,"code2":58,"code":-1,"name":"F1","index":30,"profile":0,"layer":3},{"type":16,"code1":0,"code2":61,"code":-1,"name":"F4","index":31,"profile":0,"layer":3},{"type":16,"code1":0,"code2":64,"code":-1,"name":"F7","index":32,"profile":0,"layer":3},{"type":16,"code1":0,"code2":67,"code":-1,"name":"F10","index":33,"profile":0,"layer":3},{"type":16,"code1":0,"code2":74,"code":-1,"name":"Home","index":34,"profile":0,"layer":3},{"type":48,"code1":226,"code2":0,"code":-1,"name":"Mute","index":35,"profile":0,"layer":3},{"type":16,"code1":128,"code2":0,"code":-1,"name":"WIN","index":36,"profile":0,"layer":3},{"type":16,"code1":16,"code2":0,"code":-1,"name":"CTRL","index":37,"profile":0,"layer":3},{"type":0,"code1":0,"code2":0,"code":-1,"name":"","index":38,"profile":0,"layer":3},{"type":0,"code1":0,"code2":0,"code":-1,"name":"","index":39,"profile":0,"layer":3},{"type":16,"code1":2,"code2":0,"code":-1,"name":"SHIFT","index":40,"profile":0,"layer":3},{"type":16,"code1":0,"code2":60,"code":-1,"name":"F3","index":41,"profile":0,"layer":3},{"type":240,"code1":53,"code2":0,"code":-1,"name":"Bright Off","index":42,"profile":0,"layer":3},{"type":16,"code1":0,"code2":12,"code":-1,"name":"I","index":43,"profile":0,"layer":3},{"type":240,"code1":254,"code2":0,"code":-1,"name":"FN_M","index":44,"profile":0,"layer":3},{"type":16,"code1":1,"code2":0,"code":-1,"name":"CTRL","index":45,"profile":0,"layer":3},{"type":240,"code1":54,"code2":0,"code":-1,"name":"Speed+","index":46,"profile":0,"layer":3},{"type":16,"code1":0,"code2":15,"code":-1,"name":"L","index":47,"profile":0,"layer":3},{"type":16,"code1":0,"code2":40,"code":-1,"name":"Enter","index":48,"profile":0,"layer":3},{"type":0,"code1":0,"code2":0,"code":-1,"name":"","index":49,"profile":0,"layer":3},{"type":16,"code1":0,"code2":53,"code":-1,"name":"~\n`","index":50,"profile":0,"layer":3},{"type":16,"code1":0,"code2":59,"code":-1,"name":"F2","index":51,"profile":0,"layer":3},{"type":16,"code1":0,"code2":62,"code":-1,"name":"F5","index":52,"profile":0,"layer":3},{"type":16,"code1":0,"code2":65,"code":-1,"name":"F8","index":53,"profile":0,"layer":3},{"type":16,"code1":0,"code2":69,"code":-1,"name":"F12","index":54,"profile":0,"layer":3},{"type":16,"code1":8,"code2":0,"code":-1,"name":"WIN","index":55,"profile":0,"layer":3},{"type":48,"code1":233,"code2":0,"code":-1,"name":"Vol +","index":56,"profile":0,"layer":3},{"type":16,"code1":0,"code2":56,"code":-1,"name":"?\n/","index":57,"profile":0,"layer":3},{"type":16,"code1":0,"code2":80,"code":-1,"name":"←","index":58,"profile":0,"layer":3},{"type":0,"code1":0,"code2":0,"code":-1,"name":"","index":59,"profile":0,"layer":3},{"type":16,"code1":0,"code2":57,"code":-1,"name":"Caps","index":60,"profile":0,"layer":3},{"type":16,"code1":0,"code2":22,"code":-1,"name":"S","index":61,"profile":0,"layer":3},{"type":240,"code1":51,"code2":0,"code":-1,"name":"Bright-","index":62,"profile":0,"layer":3},{"type":240,"code1":47,"code2":0,"code":-1,"name":"Light-","index":63,"profile":0,"layer":3},{"type":16,"code1":0,"code2":70,"code":-1,"name":"Print","index":64,"profile":0,"layer":3},{"type":0,"code1":0,"code2":0,"code":-1,"name":"","index":65,"profile":0,"layer":3},{"type":48,"code1":234,"code2":0,"code":-1,"name":"Vol -","index":66,"profile":0,"layer":3},{"type":16,"code1":0,"code2":51,"code":-1,"name":":\n;","index":67,"profile":0,"layer":3},{"type":16,"code1":0,"code2":82,"code":-1,"name":"↑","index":68,"profile":0,"layer":3},{"type":0,"code1":0,"code2":0,"code":-1,"name":"","index":69,"profile":0,"layer":3},{"type":16,"code1":0,"code2":43,"code":-1,"name":"Tab","index":70,"profile":0,"layer":3},{"type":16,"code1":0,"code2":26,"code":-1,"name":"W","index":71,"profile":0,"layer":3},{"type":16,"code1":0,"code2":63,"code":-1,"name":"F6","index":72,"profile":0,"layer":3},{"type":16,"code1":0,"code2":66,"code":-1,"name":"F9","index":73,"profile":0,"layer":3},{"type":16,"code1":0,"code2":72,"code":-1,"name":"Pause","index":74,"profile":0,"layer":3},{"type":16,"code1":4,"code2":0,"code":-1,"name":"ALT","index":75,"profile":0,"layer":3},{"type":240,"code1":8,"code2":0,"code":-1,"name":"Reset","index":76,"profile":0,"layer":3},{"type":16,"code1":0,"code2":52,"code":-1,"name":"\"\n'","index":77,"profile":0,"layer":3},{"type":16,"code1":0,"code2":81,"code":-1,"name":"↓","index":78,"profile":0,"layer":3},{"type":0,"code1":0,"code2":0,"code":-1,"name":"","index":79,"profile":0,"layer":3},{"type":255,"code1":255,"code2":255,"code":-1,"name":"","index":80,"profile":0,"layer":3},{"type":255,"code1":255,"code2":255,"code":-1,"name":"","index":81,"profile":0,"layer":3},{"type":255,"code1":255,"code2":255,"code":-1,"name":"","index":82,"profile":0,"layer":3},{"type":255,"code1":255,"code2":255,"code":-1,"name":"","index":83,"profile":0,"layer":3},{"type":255,"code1":255,"code2":255,"code":-1,"name":"","index":84,"profile":0,"layer":3},{"type":255,"code1":255,"code2":255,"code":-1,"name":"","index":85,"profile":0,"layer":3},{"type":255,"code1":255,"code2":255,"code":-1,"name":"","index":86,"profile":0,"layer":3},{"type":255,"code1":255,"code2":255,"code":-1,"name":"","index":87,"profile":0,"layer":3},{"type":255,"code1":255,"code2":255,"code":-1,"name":"","index":88,"profile":0,"layer":3},{"type":255,"code1":255,"code2":255,"code":-1,"name":"","index":89,"profile":0,"layer":3},{"type":255,"code1":255,"code2":255,"code":-1,"name":"","index":90,"profile":0,"layer":3},{"type":255,"code1":255,"code2":255,"code":-1,"name":"","index":91,"profile":0,"layer":3},{"type":255,"code1":255,"code2":255,"code":-1,"name":"","index":92,"profile":0,"layer":3},{"type":255,"code1":255,"code2":255,"code":-1,"name":"","index":93,"profile":0,"layer":3},{"type":255,"code1":255,"code2":255,"code":-1,"name":"","index":94,"profile":0,"layer":3},{"type":255,"code1":255,"code2":255,"code":-1,"name":"","index":95,"profile":0,"layer":3},{"type":255,"code1":255,"code2":255,"code":-1,"name":"","index":96,"profile":0,"layer":3},{"type":255,"code1":255,"code2":255,"code":-1,"name":"","index":97,"profile":0,"layer":3},{"type":255,"code1":255,"code2":255,"code":-1,"name":"","index":98,"profile":0,"layer":3},{"type":255,"code1":255,"code2":255,"code":-1,"name":"","index":99,"profile":0,"layer":3},{"type":255,"code1":255,"code2":255,"code":-1,"name":"","index":100,"profile":0,"layer":3},{"type":255,"code1":255,"code2":255,"code":-1,"name":"","index":101,"profile":0,"layer":3},{"type":255,"code1":255,"code2":255,"code":-1,"name":"","index":102,"profile":0,"layer":3},{"type":255,"code1":255,"code2":255,"code":-1,"name":"","index":103,"profile":0,"layer":3},{"type":255,"code1":255,"code2":255,"code":-1,"name":"","index":104,"profile":0,"layer":3},{"type":255,"code1":255,"code2":255,"code":-1,"name":"","index":105,"profile":0,"layer":3},{"type":255,"code1":255,"code2":255,"code":-1,"name":"","index":106,"profile":0,"layer":3},{"type":255,"code1":255,"code2":255,"code":-1,"name":"","index":107,"profile":0,"layer":3},{"type":255,"code1":255,"code2":255,"code":-1,"name":"","index":108,"profile":0,"layer":3},{"type":255,"code1":255,"code2":255,"code":-1,"name":"","index":109,"profile":0,"layer":3},{"type":255,"code1":255,"code2":255,"code":-1,"name":"","index":110,"profile":0,"layer":3},{"type":255,"code1":255,"code2":255,"code":-1,"name":"","index":111,"profile":0,"layer":3},{"type":255,"code1":255,"code2":255,"code":-1,"name":"","index":112,"profile":0,"layer":3},{"type":255,"code1":255,"code2":255,"code":-1,"name":"","index":113,"profile":0,"layer":3},{"type":255,"code1":255,"code2":255,"code":-1,"name":"","index":114,"profile":0,"layer":3},{"type":255,"code1":255,"code2":255,"code":-1,"name":"","index":115,"profile":0,"layer":3},{"type":255,"code1":255,"code2":255,"code":-1,"name":"","index":116,"profile":0,"layer":3},{"type":255,"code1":255,"code2":255,"code":-1,"name":"","index":117,"profile":0,"layer":3},{"type":255,"code1":255,"code2":255,"code":-1,"name":"","index":118,"profile":0,"layer":3},{"type":255,"code1":255,"code2":255,"code":-1,"name":"","index":119,"profile":0,"layer":3},{"type":255,"code1":255,"code2":255,"code":-1,"name":"","index":120,"profile":0,"layer":3},{"type":255,"code1":255,"code2":255,"code":-1,"name":"","index":121,"profile":0,"layer":3},{"type":255,"code1":255,"code2":255,"code":-1,"name":"","index":122,"profile":0,"layer":3},{"type":255,"code1":255,"code2":255,"code":-1,"name":"","index":123,"profile":0,"layer":3},{"type":255,"code1":255,"code2":255,"code":-1,"name":"","index":124,"profile":0,"layer":3},{"type":255,"code1":255,"code2":255,"code":-1,"name":"","index":125,"profile":0,"layer":3},{"type":255,"code1":255,"code2":255,"code":-1,"name":"","index":126,"profile":0,"layer":3},{"type":255,"code1":255,"code2":255,"code":-1,"name":"","index":127,"profile":0,"layer":3}]},"travelKeys":[{"switchType":0,"keyMode":1,"isolated":0,"priority":0,"key_max_length":4,"keyActuation":150,"rtPress":50,"rtRelease":50,"pressDeadzone":0,"releaseDeadzone":0,"deadzoneStatus":false},{"switchType":0,"keyMode":1,"isolated":0,"priority":0,"key_max_length":4,"keyActuation":150,"rtPress":50,"rtRelease":50,"pressDeadzone":0,"releaseDeadzone":0,"deadzoneStatus":false},{"switchType":0,"keyMode":1,"isolated":0,"priority":0,"key_max_length":4,"keyActuation":150,"rtPress":50,"rtRelease":50,"pressDeadzone":0,"releaseDeadzone":0,"deadzoneStatus":false},{"switchType":0,"keyMode":1,"isolated":0,"priority":0,"key_max_length":4,"keyActuation":150,"rtPress":50,"rtRelease":50,"pressDeadzone":0,"releaseDeadzone":0,"deadzoneStatus":false},{"switchType":0,"keyMode":1,"isolated":0,"priority":0,"key_max_length":4,"keyActuation":150,"rtPress":50,"rtRelease":50,"pressDeadzone":0,"releaseDeadzone":0,"deadzoneStatus":false},{"switchType":0,"keyMode":1,"isolated":0,"priority":0,"key_max_length":4,"keyActuation":150,"rtPress":50,"rtRelease":50,"pressDeadzone":0,"releaseDeadzone":0,"deadzoneStatus":false},{"switchType":0,"keyMode":1,"isolated":0,"priority":0,"key_max_length":4,"keyActuation":150,"rtPress":50,"rtRelease":50,"pressDeadzone":0,"releaseDeadzone":0,"deadzoneStatus":false},{"switchType":0,"keyMode":1,"isolated":0,"priority":0,"key_max_length":4,"keyActuation":150,"rtPress":50,"rtRelease":50,"pressDeadzone":0,"releaseDeadzone":0,"deadzoneStatus":false},{"switchType":0,"keyMode":1,"isolated":0,"priority":0,"key_max_length":4,"keyActuation":150,"rtPress":50,"rtRelease":50,"pressDeadzone":0,"releaseDeadzone":0,"deadzoneStatus":false},{"switchType":0,"keyMode":1,"isolated":0,"priority":0,"key_max_length":4,"keyActuation":150,"rtPress":50,"rtRelease":50,"pressDeadzone":0,"releaseDeadzone":0,"deadzoneStatus":false},{"switchType":0,"keyMode":2,"isolated":2,"priority":0,"key_max_length":4,"keyActuation":50,"rtPress":50,"rtRelease":1,"pressDeadzone":0,"releaseDeadzone":0,"deadzoneStatus":false},{"switchType":0,"keyMode":2,"isolated":2,"priority":0,"key_max_length":4,"keyActuation":50,"rtPress":50,"rtRelease":1,"pressDeadzone":0,"releaseDeadzone":0,"deadzoneStatus":false},{"switchType":0,"keyMode":1,"isolated":0,"priority":0,"key_max_length":4,"keyActuation":150,"rtPress":50,"rtRelease":50,"pressDeadzone":0,"releaseDeadzone":0,"deadzoneStatus":false},{"switchType":0,"keyMode":1,"isolated":0,"priority":0,"key_max_length":4,"keyActuation":150,"rtPress":50,"rtRelease":50,"pressDeadzone":0,"releaseDeadzone":0,"deadzoneStatus":false},{"switchType":0,"keyMode":1,"isolated":0,"priority":0,"key_max_length":4,"keyActuation":150,"rtPress":50,"rtRelease":50,"pressDeadzone":0,"releaseDeadzone":0,"deadzoneStatus":false},{"switchType":0,"keyMode":1,"isolated":0,"priority":0,"key_max_length":4,"keyActuation":150,"rtPress":50,"rtRelease":50,"pressDeadzone":0,"releaseDeadzone":0,"deadzoneStatus":false},{"switchType":0,"keyMode":1,"isolated":0,"priority":0,"key_max_length":4,"keyActuation":150,"rtPress":50,"rtRelease":50,"pressDeadzone":0,"releaseDeadzone":0,"deadzoneStatus":false},{"switchType":0,"keyMode":1,"isolated":0,"priority":0,"key_max_length":4,"keyActuation":150,"rtPress":50,"rtRelease":50,"pressDeadzone":0,"releaseDeadzone":0,"deadzoneStatus":false},{"switchType":0,"keyMode":1,"isolated":0,"priority":0,"key_max_length":4,"keyActuation":150,"rtPress":50,"rtRelease":50,"pressDeadzone":0,"releaseDeadzone":0,"deadzoneStatus":false},{"switchType":0,"keyMode":1,"isolated":0,"priority":0,"key_max_length":4,"keyActuation":150,"rtPress":50,"rtRelease":50,"pressDeadzone":0,"releaseDeadzone":0,"deadzoneStatus":false},{"switchType":0,"keyMode":1,"isolated":0,"priority":0,"key_max_length":4,"keyActuation":150,"rtPress":50,"rtRelease":50,"pressDeadzone":0,"releaseDeadzone":0,"deadzoneStatus":false},{"switchType":0,"keyMode":1,"isolated":0,"priority":0,"key_max_length":4,"keyActuation":150,"rtPress":50,"rtRelease":50,"pressDeadzone":0,"releaseDeadzone":0,"deadzoneStatus":false},{"switchType":0,"keyMode":1,"isolated":0,"priority":0,"key_max_length":4,"keyActuation":150,"rtPress":50,"rtRelease":50,"pressDeadzone":0,"releaseDeadzone":0,"deadzoneStatus":false},{"switchType":0,"keyMode":1,"isolated":0,"priority":0,"key_max_length":4,"keyActuation":150,"rtPress":50,"rtRelease":50,"pressDeadzone":0,"releaseDeadzone":0,"deadzoneStatus":false},{"switchType":0,"keyMode":1,"isolated":0,"priority":0,"key_max_length":4,"keyActuation":150,"rtPress":50,"rtRelease":50,"pressDeadzone":0,"releaseDeadzone":0,"deadzoneStatus":false},{"switchType":0,"keyMode":1,"isolated":0,"priority":0,"key_max_length":4,"keyActuation":150,"rtPress":50,"rtRelease":50,"pressDeadzone":0,"releaseDeadzone":0,"deadzoneStatus":false},{"switchType":0,"keyMode":1,"isolated":0,"priority":0,"key_max_length":4,"keyActuation":150,"rtPress":50,"rtRelease":50,"pressDeadzone":0,"releaseDeadzone":0,"deadzoneStatus":false},{"switchType":0,"keyMode":1,"isolated":0,"priority":0,"key_max_length":4,"keyActuation":150,"rtPress":50,"rtRelease":50,"pressDeadzone":0,"releaseDeadzone":0,"deadzoneStatus":false},{"switchType":0,"keyMode":1,"isolated":0,"priority":0,"key_max_length":4,"keyActuation":150,"rtPress":50,"rtRelease":50,"pressDeadzone":0,"releaseDeadzone":0,"deadzoneStatus":false},{"switchType":0,"keyMode":1,"isolated":0,"priority":0,"key_max_length":4,"keyActuation":150,"rtPress":50,"rtRelease":50,"pressDeadzone":0,"releaseDeadzone":0,"deadzoneStatus":false},{"switchType":1,"keyMode":2,"isolated":0,"priority":0,"key_max_length":4,"keyActuation":150,"rtPress":50,"rtRelease":1,"pressDeadzone":0,"releaseDeadzone":0,"deadzoneStatus":false},{"switchType":0,"keyMode":2,"isolated":0,"priority":0,"key_max_length":4,"keyActuation":150,"rtPress":50,"rtRelease":1,"pressDeadzone":0,"releaseDeadzone":0,"deadzoneStatus":false},{"switchType":0,"keyMode":2,"isolated":0,"priority":0,"key_max_length":4,"keyActuation":150,"rtPress":50,"rtRelease":1,"pressDeadzone":0,"releaseDeadzone":0,"deadzoneStatus":false},{"switchType":0,"keyMode":2,"isolated":0,"priority":0,"key_max_length":4,"keyActuation":150,"rtPress":50,"rtRelease":1,"pressDeadzone":0,"releaseDeadzone":0,"deadzoneStatus":false},{"switchType":0,"keyMode":1,"isolated":0,"priority":0,"key_max_length":4,"keyActuation":150,"rtPress":50,"rtRelease":50,"pressDeadzone":0,"releaseDeadzone":0,"deadzoneStatus":false},{"switchType":0,"keyMode":1,"isolated":0,"priority":0,"key_max_length":4,"keyActuation":150,"rtPress":50,"rtRelease":50,"pressDeadzone":0,"releaseDeadzone":0,"deadzoneStatus":false},{"switchType":0,"keyMode":1,"isolated":0,"priority":0,"key_max_length":4,"keyActuation":150,"rtPress":50,"rtRelease":50,"pressDeadzone":0,"releaseDeadzone":0,"deadzoneStatus":false},{"switchType":0,"keyMode":1,"isolated":0,"priority":0,"key_max_length":4,"keyActuation":150,"rtPress":50,"rtRelease":50,"pressDeadzone":0,"releaseDeadzone":0,"deadzoneStatus":false},{"switchType":0,"keyMode":1,"isolated":0,"priority":0,"key_max_length":4,"keyActuation":150,"rtPress":50,"rtRelease":50,"pressDeadzone":0,"releaseDeadzone":0,"deadzoneStatus":false},{"switchType":0,"keyMode":1,"isolated":0,"priority":0,"key_max_length":4,"keyActuation":150,"rtPress":50,"rtRelease":50,"pressDeadzone":0,"releaseDeadzone":0,"deadzoneStatus":false},{"switchType":0,"keyMode":1,"isolated":0,"priority":0,"key_max_length":4,"keyActuation":150,"rtPress":50,"rtRelease":50,"pressDeadzone":0,"releaseDeadzone":0,"deadzoneStatus":false},{"switchType":0,"keyMode":2,"isolated":0,"priority":0,"key_max_length":4,"keyActuation":150,"rtPress":50,"rtRelease":1,"pressDeadzone":0,"releaseDeadzone":0,"deadzoneStatus":false},{"switchType":0,"keyMode":1,"isolated":0,"priority":0,"key_max_length":4,"keyActuation":150,"rtPress":50,"rtRelease":50,"pressDeadzone":0,"releaseDeadzone":0,"deadzoneStatus":false},{"switchType":0,"keyMode":1,"isolated":0,"priority":0,"key_max_length":4,"keyActuation":150,"rtPress":50,"rtRelease":50,"pressDeadzone":0,"releaseDeadzone":0,"deadzoneStatus":false},{"switchType":0,"keyMode":1,"isolated":0,"priority":0,"key_max_length":4,"keyActuation":150,"rtPress":50,"rtRelease":50,"pressDeadzone":0,"releaseDeadzone":0,"deadzoneStatus":false},{"switchType":0,"keyMode":2,"isolated":0,"priority":0,"key_max_length":4,"keyActuation":150,"rtPress":50,"rtRelease":1,"pressDeadzone":0,"releaseDeadzone":0,"deadzoneStatus":false},{"switchType":0,"keyMode":1,"isolated":0,"priority":0,"key_max_length":4,"keyActuation":150,"rtPress":50,"rtRelease":50,"pressDeadzone":0,"releaseDeadzone":0,"deadzoneStatus":false},{"switchType":0,"keyMode":1,"isolated":0,"priority":0,"key_max_length":4,"keyActuation":150,"rtPress":50,"rtRelease":50,"pressDeadzone":0,"releaseDeadzone":0,"deadzoneStatus":false},{"switchType":0,"keyMode":1,"isolated":0,"priority":0,"key_max_length":4,"keyActuation":150,"rtPress":50,"rtRelease":50,"pressDeadzone":0,"releaseDeadzone":0,"deadzoneStatus":false},{"switchType":0,"keyMode":1,"isolated":0,"priority":0,"key_max_length":4,"keyActuation":150,"rtPress":50,"rtRelease":50,"pressDeadzone":0,"releaseDeadzone":0,"deadzoneStatus":false},{"switchType":0,"keyMode":1,"isolated":0,"priority":0,"key_max_length":4,"keyActuation":150,"rtPress":50,"rtRelease":50,"pressDeadzone":0,"releaseDeadzone":0,"deadzoneStatus":false},{"switchType":1,"keyMode":2,"isolated":0,"priority":0,"key_max_length":4,"keyActuation":150,"rtPress":50,"rtRelease":1,"pressDeadzone":0,"releaseDeadzone":0,"deadzoneStatus":false},{"switchType":0,"keyMode":2,"isolated":0,"priority":0,"key_max_length":4,"keyActuation":150,"rtPress":50,"rtRelease":1,"pressDeadzone":0,"releaseDeadzone":0,"deadzoneStatus":false},{"switchType":0,"keyMode":2,"isolated":0,"priority":0,"key_max_length":4,"keyActuation":150,"rtPress":50,"rtRelease":1,"pressDeadzone":0,"releaseDeadzone":0,"deadzoneStatus":false},{"switchType":0,"keyMode":1,"isolated":0,"priority":0,"key_max_length":4,"keyActuation":150,"rtPress":50,"rtRelease":50,"pressDeadzone":0,"releaseDeadzone":0,"deadzoneStatus":false},{"switchType":0,"keyMode":1,"isolated":0,"priority":0,"key_max_length":4,"keyActuation":150,"rtPress":50,"rtRelease":50,"pressDeadzone":0,"releaseDeadzone":0,"deadzoneStatus":false},{"switchType":0,"keyMode":1,"isolated":0,"priority":0,"key_max_length":4,"keyActuation":150,"rtPress":50,"rtRelease":50,"pressDeadzone":0,"releaseDeadzone":0,"deadzoneStatus":false},{"switchType":0,"keyMode":1,"isolated":0,"priority":0,"key_max_length":4,"keyActuation":150,"rtPress":50,"rtRelease":50,"pressDeadzone":0,"releaseDeadzone":0,"deadzoneStatus":false},{"switchType":0,"keyMode":1,"isolated":0,"priority":0,"key_max_length":4,"keyActuation":150,"rtPress":50,"rtRelease":50,"pressDeadzone":0,"releaseDeadzone":0,"deadzoneStatus":false},{"switchType":0,"keyMode":1,"isolated":0,"priority":0,"key_max_length":4,"keyActuation":150,"rtPress":50,"rtRelease":50,"pressDeadzone":0,"releaseDeadzone":0,"deadzoneStatus":false},{"switchType":0,"keyMode":1,"isolated":0,"priority":0,"key_max_length":4,"keyActuation":150,"rtPress":50,"rtRelease":50,"pressDeadzone":0,"releaseDeadzone":0,"deadzoneStatus":false},{"switchType":0,"keyMode":2,"isolated":2,"priority":0,"key_max_length":4,"keyActuation":100,"rtPress":50,"rtRelease":1,"pressDeadzone":0,"releaseDeadzone":0,"deadzoneStatus":false},{"switchType":0,"keyMode":1,"isolated":0,"priority":0,"key_max_length":4,"keyActuation":150,"rtPress":50,"rtRelease":50,"pressDeadzone":0,"releaseDeadzone":0,"deadzoneStatus":false},{"switchType":0,"keyMode":1,"isolated":0,"priority":0,"key_max_length":4,"keyActuation":150,"rtPress":50,"rtRelease":50,"pressDeadzone":0,"releaseDeadzone":0,"deadzoneStatus":false},{"switchType":0,"keyMode":1,"isolated":0,"priority":0,"key_max_length":4,"keyActuation":150,"rtPress":50,"rtRelease":50,"pressDeadzone":0,"releaseDeadzone":0,"deadzoneStatus":false},{"switchType":0,"keyMode":1,"isolated":0,"priority":0,"key_max_length":4,"keyActuation":150,"rtPress":50,"rtRelease":50,"pressDeadzone":0,"releaseDeadzone":0,"deadzoneStatus":false},{"switchType":0,"keyMode":1,"isolated":0,"priority":0,"key_max_length":4,"keyActuation":150,"rtPress":50,"rtRelease":50,"pressDeadzone":0,"releaseDeadzone":0,"deadzoneStatus":false},{"switchType":0,"keyMode":1,"isolated":0,"priority":0,"key_max_length":4,"keyActuation":150,"rtPress":50,"rtRelease":50,"pressDeadzone":0,"releaseDeadzone":0,"deadzoneStatus":false},{"switchType":0,"keyMode":1,"isolated":0,"priority":0,"key_max_length":4,"keyActuation":150,"rtPress":50,"rtRelease":50,"pressDeadzone":0,"releaseDeadzone":0,"deadzoneStatus":false},{"switchType":0,"keyMode":1,"isolated":0,"priority":0,"key_max_length":4,"keyActuation":150,"rtPress":50,"rtRelease":50,"pressDeadzone":0,"releaseDeadzone":0,"deadzoneStatus":false},{"switchType":0,"keyMode":1,"isolated":0,"priority":0,"key_max_length":4,"keyActuation":150,"rtPress":50,"rtRelease":50,"pressDeadzone":0,"releaseDeadzone":0,"deadzoneStatus":false},{"switchType":0,"keyMode":2,"isolated":2,"priority":0,"key_max_length":4,"keyActuation":100,"rtPress":50,"rtRelease":1,"pressDeadzone":0,"releaseDeadzone":0,"deadzoneStatus":false},{"switchType":0,"keyMode":2,"isolated":0,"priority":0,"key_max_length":4,"keyActuation":150,"rtPress":50,"rtRelease":1,"pressDeadzone":0,"releaseDeadzone":0,"deadzoneStatus":false},{"switchType":0,"keyMode":2,"isolated":0,"priority":0,"key_max_length":4,"keyActuation":150,"rtPress":50,"rtRelease":1,"pressDeadzone":0,"releaseDeadzone":0,"deadzoneStatus":false},{"switchType":0,"keyMode":1,"isolated":0,"priority":0,"key_max_length":4,"keyActuation":150,"rtPress":50,"rtRelease":50,"pressDeadzone":0,"releaseDeadzone":0,"deadzoneStatus":false},{"switchType":0,"keyMode":1,"isolated":0,"priority":0,"key_max_length":4,"keyActuation":150,"rtPress":50,"rtRelease":50,"pressDeadzone":0,"releaseDeadzone":0,"deadzoneStatus":false},{"switchType":0,"keyMode":2,"isolated":0,"priority":0,"key_max_length":4,"keyActuation":150,"rtPress":50,"rtRelease":1,"pressDeadzone":0,"releaseDeadzone":0,"deadzoneStatus":false},{"switchType":0,"keyMode":1,"isolated":0,"priority":0,"key_max_length":4,"keyActuation":150,"rtPress":50,"rtRelease":50,"pressDeadzone":0,"releaseDeadzone":0,"deadzoneStatus":false},{"switchType":0,"keyMode":1,"isolated":0,"priority":0,"key_max_length":4,"keyActuation":150,"rtPress":50,"rtRelease":50,"pressDeadzone":0,"releaseDeadzone":0,"deadzoneStatus":false},{"switchType":0,"keyMode":1,"isolated":0,"priority":0,"key_max_length":4,"keyActuation":150,"rtPress":50,"rtRelease":50,"pressDeadzone":0,"releaseDeadzone":0,"deadzoneStatus":false},{"switchType":0,"keyMode":1,"isolated":0,"priority":0,"key_max_length":4,"keyActuation":150,"rtPress":50,"rtRelease":50,"pressDeadzone":0,"releaseDeadzone":0,"deadzoneStatus":false},{"switchType":0,"keyMode":1,"isolated":0,"priority":0,"key_max_length":4,"keyActuation":150,"rtPress":50,"rtRelease":50,"pressDeadzone":0,"releaseDeadzone":0,"deadzoneStatus":false},{"switchType":0,"keyMode":1,"isolated":0,"priority":0,"key_max_length":4,"keyActuation":150,"rtPress":50,"rtRelease":50,"pressDeadzone":0,"releaseDeadzone":0,"deadzoneStatus":false},{"switchType":0,"keyMode":1,"isolated":0,"priority":0,"key_max_length":4,"keyActuation":150,"rtPress":50,"rtRelease":50,"pressDeadzone":0,"releaseDeadzone":0,"deadzoneStatus":false},{"switchType":0,"keyMode":1,"isolated":0,"priority":0,"key_max_length":4,"keyActuation":150,"rtPress":50,"rtRelease":50,"pressDeadzone":0,"releaseDeadzone":0,"deadzoneStatus":false},{"switchType":0,"keyMode":1,"isolated":0,"priority":0,"key_max_length":4,"keyActuation":150,"rtPress":50,"rtRelease":50,"pressDeadzone":0,"releaseDeadzone":0,"deadzoneStatus":false},{"switchType":0,"keyMode":1,"isolated":0,"priority":0,"key_max_length":4,"keyActuation":150,"rtPress":50,"rtRelease":50,"pressDeadzone":0,"releaseDeadzone":0,"deadzoneStatus":false},{"switchType":0,"keyMode":1,"isolated":0,"priority":0,"key_max_length":4,"keyActuation":150,"rtPress":50,"rtRelease":50,"pressDeadzone":0,"releaseDeadzone":0,"deadzoneStatus":false},{"switchType":0,"keyMode":1,"isolated":0,"priority":0,"key_max_length":4,"keyActuation":150,"rtPress":50,"rtRelease":50,"pressDeadzone":0,"releaseDeadzone":0,"deadzoneStatus":false},{"switchType":0,"keyMode":1,"isolated":0,"priority":0,"key_max_length":4,"keyActuation":150,"rtPress":50,"rtRelease":50,"pressDeadzone":0,"releaseDeadzone":0,"deadzoneStatus":false},{"switchType":0,"keyMode":1,"isolated":0,"priority":0,"key_max_length":4,"keyActuation":150,"rtPress":50,"rtRelease":50,"pressDeadzone":0,"releaseDeadzone":0,"deadzoneStatus":false},{"switchType":0,"keyMode":1,"isolated":0,"priority":0,"key_max_length":4,"keyActuation":150,"rtPress":50,"rtRelease":50,"pressDeadzone":0,"releaseDeadzone":0,"deadzoneStatus":false},{"switchType":0,"keyMode":1,"isolated":0,"priority":0,"key_max_length":4,"keyActuation":150,"rtPress":50,"rtRelease":50,"pressDeadzone":0,"releaseDeadzone":0,"deadzoneStatus":false},{"switchType":0,"keyMode":1,"isolated":0,"priority":0,"key_max_length":4,"keyActuation":150,"rtPress":50,"rtRelease":50,"pressDeadzone":0,"releaseDeadzone":0,"deadzoneStatus":false},{"switchType":0,"keyMode":1,"isolated":0,"priority":0,"key_max_length":4,"keyActuation":150,"rtPress":50,"rtRelease":50,"pressDeadzone":0,"releaseDeadzone":0,"deadzoneStatus":false},{"switchType":0,"keyMode":1,"isolated":0,"priority":0,"key_max_length":4,"keyActuation":150,"rtPress":50,"rtRelease":50,"pressDeadzone":0,"releaseDeadzone":0,"deadzoneStatus":false},{"switchType":0,"keyMode":1,"isolated":0,"priority":0,"key_max_length":4,"keyActuation":150,"rtPress":50,"rtRelease":50,"pressDeadzone":0,"releaseDeadzone":0,"deadzoneStatus":false},{"switchType":0,"keyMode":1,"isolated":0,"priority":0,"key_max_length":4,"keyActuation":150,"rtPress":50,"rtRelease":50,"pressDeadzone":0,"releaseDeadzone":0,"deadzoneStatus":false},{"switchType":0,"keyMode":1,"isolated":0,"priority":0,"key_max_length":4,"keyActuation":150,"rtPress":50,"rtRelease":50,"pressDeadzone":0,"releaseDeadzone":0,"deadzoneStatus":false},{"switchType":0,"keyMode":1,"isolated":0,"priority":0,"key_max_length":4,"keyActuation":150,"rtPress":50,"rtRelease":50,"pressDeadzone":0,"releaseDeadzone":0,"deadzoneStatus":false},{"switchType":0,"keyMode":1,"isolated":0,"priority":0,"key_max_length":4,"keyActuation":150,"rtPress":50,"rtRelease":50,"pressDeadzone":0,"releaseDeadzone":0,"deadzoneStatus":false},{"switchType":0,"keyMode":1,"isolated":0,"priority":0,"key_max_length":4,"keyActuation":150,"rtPress":50,"rtRelease":50,"pressDeadzone":0,"releaseDeadzone":0,"deadzoneStatus":false},{"switchType":0,"keyMode":1,"isolated":0,"priority":0,"key_max_length":4,"keyActuation":150,"rtPress":50,"rtRelease":50,"pressDeadzone":0,"releaseDeadzone":0,"deadzoneStatus":false},{"switchType":0,"keyMode":1,"isolated":0,"priority":0,"key_max_length":4,"keyActuation":150,"rtPress":50,"rtRelease":50,"pressDeadzone":0,"releaseDeadzone":0,"deadzoneStatus":false},{"switchType":0,"keyMode":1,"isolated":0,"priority":0,"key_max_length":4,"keyActuation":150,"rtPress":50,"rtRelease":50,"pressDeadzone":0,"releaseDeadzone":0,"deadzoneStatus":false},{"switchType":0,"keyMode":1,"isolated":0,"priority":0,"key_max_length":4,"keyActuation":150,"rtPress":50,"rtRelease":50,"pressDeadzone":0,"releaseDeadzone":0,"deadzoneStatus":false},{"switchType":0,"keyMode":1,"isolated":0,"priority":0,"key_max_length":4,"keyActuation":150,"rtPress":50,"rtRelease":50,"pressDeadzone":0,"releaseDeadzone":0,"deadzoneStatus":false},{"switchType":0,"keyMode":1,"isolated":0,"priority":0,"key_max_length":4,"keyActuation":150,"rtPress":50,"rtRelease":50,"pressDeadzone":0,"releaseDeadzone":0,"deadzoneStatus":false},{"switchType":0,"keyMode":1,"isolated":0,"priority":0,"key_max_length":4,"keyActuation":150,"rtPress":50,"rtRelease":50,"pressDeadzone":0,"releaseDeadzone":0,"deadzoneStatus":false},{"switchType":0,"keyMode":1,"isolated":0,"priority":0,"key_max_length":4,"keyActuation":150,"rtPress":50,"rtRelease":50,"pressDeadzone":0,"releaseDeadzone":0,"deadzoneStatus":false},{"switchType":0,"keyMode":1,"isolated":0,"priority":0,"key_max_length":4,"keyActuation":150,"rtPress":50,"rtRelease":50,"pressDeadzone":0,"releaseDeadzone":0,"deadzoneStatus":false},{"switchType":0,"keyMode":1,"isolated":0,"priority":0,"key_max_length":4,"keyActuation":150,"rtPress":50,"rtRelease":50,"pressDeadzone":0,"releaseDeadzone":0,"deadzoneStatus":false},{"switchType":0,"keyMode":1,"isolated":0,"priority":0,"key_max_length":4,"keyActuation":150,"rtPress":50,"rtRelease":50,"pressDeadzone":0,"releaseDeadzone":0,"deadzoneStatus":false},{"switchType":0,"keyMode":1,"isolated":0,"priority":0,"key_max_length":4,"keyActuation":150,"rtPress":50,"rtRelease":50,"pressDeadzone":0,"releaseDeadzone":0,"deadzoneStatus":false},{"switchType":0,"keyMode":1,"isolated":0,"priority":0,"key_max_length":4,"keyActuation":150,"rtPress":50,"rtRelease":50,"pressDeadzone":0,"releaseDeadzone":0,"deadzoneStatus":false},{"switchType":0,"keyMode":1,"isolated":0,"priority":0,"key_max_length":4,"keyActuation":150,"rtPress":50,"rtRelease":50,"pressDeadzone":0,"releaseDeadzone":0,"deadzoneStatus":false},{"switchType":0,"keyMode":1,"isolated":0,"priority":0,"key_max_length":4,"keyActuation":150,"rtPress":50,"rtRelease":50,"pressDeadzone":0,"releaseDeadzone":0,"deadzoneStatus":false},{"switchType":0,"keyMode":1,"isolated":0,"priority":0,"key_max_length":4,"keyActuation":150,"rtPress":50,"rtRelease":50,"pressDeadzone":0,"releaseDeadzone":0,"deadzoneStatus":false},{"switchType":0,"keyMode":1,"isolated":0,"priority":0,"key_max_length":4,"keyActuation":150,"rtPress":50,"rtRelease":50,"pressDeadzone":0,"releaseDeadzone":0,"deadzoneStatus":false},{"switchType":0,"keyMode":1,"isolated":0,"priority":0,"key_max_length":4,"keyActuation":150,"rtPress":50,"rtRelease":50,"pressDeadzone":0,"releaseDeadzone":0,"deadzoneStatus":false},{"switchType":0,"keyMode":1,"isolated":0,"priority":0,"key_max_length":4,"keyActuation":150,"rtPress":50,"rtRelease":50,"pressDeadzone":0,"releaseDeadzone":0,"deadzoneStatus":false},{"switchType":0,"keyMode":1,"isolated":0,"priority":0,"key_max_length":4,"keyActuation":150,"rtPress":50,"rtRelease":50,"pressDeadzone":0,"releaseDeadzone":0,"deadzoneStatus":false},{"switchType":0,"keyMode":1,"isolated":0,"priority":0,"key_max_length":4,"keyActuation":150,"rtPress":50,"rtRelease":50,"pressDeadzone":0,"releaseDeadzone":0,"deadzoneStatus":false},{"switchType":0,"keyMode":1,"isolated":0,"priority":0,"key_max_length":4,"keyActuation":150,"rtPress":50,"rtRelease":50,"pressDeadzone":0,"releaseDeadzone":0,"deadzoneStatus":false},{"switchType":0,"keyMode":1,"isolated":0,"priority":0,"key_max_length":4,"keyActuation":150,"rtPress":50,"rtRelease":50,"pressDeadzone":0,"releaseDeadzone":0,"deadzoneStatus":false},{"switchType":0,"keyMode":1,"isolated":0,"priority":0,"key_max_length":4,"keyActuation":150,"rtPress":50,"rtRelease":50,"pressDeadzone":0,"releaseDeadzone":0,"deadzoneStatus":false},{"switchType":0,"keyMode":1,"isolated":0,"priority":0,"key_max_length":4,"keyActuation":150,"rtPress":50,"rtRelease":50,"pressDeadzone":0,"releaseDeadzone":0,"deadzoneStatus":false},{"switchType":0,"keyMode":1,"isolated":0,"priority":0,"key_max_length":4,"keyActuation":150,"rtPress":50,"rtRelease":50,"pressDeadzone":0,"releaseDeadzone":0,"deadzoneStatus":false}],"light":{"type":1,"effect":20,"brightness":100,"speed":4,"direct":0,"singleColor":true,"colorIndex":0,"h":22.11764705882353,"s":100,"v":100,"hexColor":"#ff5e00","color":"#ff0000"},"globalTravel":{"actuation":200,"pressDeadzone":0,"releaseDeadzone":0},"reportRate":0,"colorKeys":{"0":[],"20":["","","","","","","","","","","","","","","","","","","","","","","","","","","","","","","","","","","","","","","","","","","","","","","","","","","","","","","","","","","","","","","","","","","","","","","","","","","","","","","","","","","","","","","","","","","",""]},"advancedKeys":[{"type":"socd","layer":0,"index1":10,"index2":11,"key1":{"type":16,"code1":0,"code2":4,"name":"A"},"key2":{"type":16,"code1":0,"code2":7,"name":"D"},"option":{"actuation":150,"priority":0,"repidTrigger":false}}],"macro":[{"id":"0","name":"M1","type":1,"macroActions":[]},{"id":"1","name":"M2","type":1,"macroActions":[]},{"id":"2","name":"M3","type":1,"macroActions":[]},{"id":"3","name":"M4","type":1,"macroActions":[]},{"id":"4","name":"M5","type":1,"macroActions":[]},{"id":"5","name":"M6","type":1,"macroActions":[]},{"id":"6","name":"M7","type":1,"macroActions":[]},{"id":"7","name":"M8","type":1,"macroActions":[]},{"id":"8","name":"M9","type":1,"macroActions":[]},{"id":"9","name":"M10","type":1,"macroActions":[]},{"id":"10","name":"M11","type":1,"macroActions":[]},{"id":"11","name":"M12","type":1,"macroActions":[]},{"id":"12","name":"M13","type":1,"macroActions":[]},{"id":"13","name":"M14","type":1,"macroActions":[]},{"id":"14","name":"M15","type":1,"macroActions":[]},{"id":"15","name":"M16","type":1,"macroActions":[]}]}