{
  "ShowFFlagEditorWarning": false,
  "PromptWebView2Install": true,
  "Player": {
    "VersionGuid": "version-37cf60402a5648b4",
    "PackageHashes": {
      "RobloxApp.zip": "020f224bdea949978438b69e7c12cef5",
      "content-avatar.zip": "15bd216e6fae9ca480c21db01ce4ae3b",
      "content-configs.zip": "b1f3d2e27e62377a9a8395001b7034d7",
      "content-fonts.zip": "30c885074d0320c0932e06bfd537c915",
      "content-models.zip": "671fb1a7b360b7f4281af5e52acc2c84",
      "content-sky.zip": "1d0390337d1a4a58e5514be1a9481ad6",
      "content-sounds.zip": "32622161783a33a229827a2a0261cc16",
      "shaders.zip": "13276385dbd87f097030409aa6cd40d7",
      "ssl.zip": "e5c236509e5ad76452ee0c377336a48b",
      "content-textures2.zip": "8fada370c5c5839080f35d3c12063754",
      "content-textures3.zip": "909f4b9d7bc03a926d35e84d0c99ffbf",
      "content-terrain.zip": "b4b75c21ce05378163042dc45cec5834",
      "content-platform-fonts.zip": "8f379ec2b22ff106b837d79f7fdbf0d8",
      "content-platform-dictionaries.zip": "8956576b30a16412013fc1f5b3303fea",
      "extracontent-places.zip": "8c4bde50e4b58a0c914b6b040d976113",
      "extracontent-luapackages.zip": "0a462c5d67f8da8cb53ee167f790ac4a",
      "extracontent-translations.zip": "ebc47e5321749fd8495ed4a1cadfa991",
      "extracontent-models.zip": "b8f45ee9dfd9303c480f20491e998f64",
      "extracontent-textures.zip": "4f35f61a4f1eae1d949e53f69a87e296",
      "WebView2.zip": "4a81ee096d836649ba077943b2d57fa7",
      "WebView2RuntimeInstaller.zip": "5af4685be2a700377ec7b86f8db2d145",
      "redist.zip": "c9622ecfbec2c14d30f390909c563124"
    },
    "Size": 445814
  },
  "Studio": {
    "VersionGuid": "",
    "PackageHashes": {},
    "Size": 0
  },
  "SettingsWindow": {
    "Width": 1000,
    "Height": 580,
    "Left": 557,
    "Top": 328
  },
  "ModManifest": [
    "ClientSettings\\ClientAppSettings.json"
  ]
}